GivenName,Surname,TelephoneNumber,Password
Ella,Farley, (225) 367-9807,!Axxes001
Malcolm,Daugherty, (889) 202-4452,!Axxes002
Isabella,Mahoney, (313) 846-3531,!Axxes003
Agustin,Bass, (301) 755-3713,!Axxes004
Lilian,Winters, (834) 910-9406,!Axxes005
Regina,Bishop, (995) 369-4144,!Axxes006
Shelby,Strong, (798) 798-8441,!Axxes007
Carolyn,Underwood, (599) 971-6388,!Axxes008
Susan,Fitzpatrick, (377) 304-8428,!Axxes009
Jacoby,Tucker, (561) 546-2471,!Axxes010
Miya,Mccarthy, (697) 542-5597,!Axxes011
Ariella,Owens, (715) 322-6999,!Axxes012
Liliana,Blankenship, (598) 512-3092,!Axxes013
Marlon,Ramsey, (567) 369-7635,!Axxes014
Marlon,Kramer, (852) 279-1026,!Axxes015
Savanna,Franklin, (703) 399-5115,!Axxes016
Jamison,Torres, (237) 550-9694,!Axxes017
Hallie,Bautista, (558) 917-9073,!Axxes018
Cyrus,Kirk, (207) 333-7319,!Axxes019
Carlie,Nolan, (663) 226-0278,!Axxes020
Ainsley,Burke, (266) 359-0422,!Axxes021
Baron,Marsh, (702) 469-7024,!Axxes022
Noelle,Davila, (526) 915-8361,!Axxes023
Clarence,Klein, (982) 793-0214,!Axxes024
Desmond,Ingram, (485) 464-6040,!Axxes025
Carlie,Rios, (536) 227-3999,!Axxes026
Athena,Singh, (357) 443-2371,!Axxes027
Gilberto,Bean, (849) 877-9372,!Axxes028
Mina,Barron, (315) 865-7079,!Axxes029
Kennedy,Saunders, (396) 556-3893,!Axxes030
Karen,Burke, (693) 405-1733,!Axxes031
Ace,Moran, (569) 351-4747,!Axxes032
Madeleine,Mann, (981) 415-2001,!Axxes033
Tristen,Miller, (229) 330-1961,!Axxes034
Braelyn,Oconnell, (708) 508-7526,!Axxes035
Clarence,Rosario, (307) 438-4977,!Axxes036
Cynthia,Wright, (240) 969-9527,!Axxes037
Howard,Mason, (423) 817-8724,!Axxes038
Aydan,Carey, (303) 335-6732,!Axxes039
Anabella,Harding, (310) 683-5808,!Axxes040
Tyson,Griffith, (890) 399-6723,!Axxes041
Kara,Cain, (489) 625-0984,!Axxes042
Giancarlo,Frost, (281) 598-4525,!Axxes043
Gabriella,Holt, (728) 398-7257,!Axxes044
Maximus,Collier, (656) 604-2160,!Axxes045
Grayson,Barton, (841) 282-9504,!Axxes046
Soren,Dickson, (910) 439-1220,!Axxes047
Anya,Weber, (233) 585-8406,!Axxes048
Dennis,Harmon, (295) 424-0917,!Axxes049
Santiago,Bennett, (647) 289-8121,!Axxes050
Jenna,Compton, (683) 379-6464,!Axxes051
Jaime,Mitchell, (433) 512-1627,!Axxes052
Sophia,Kirby, (525) 655-9383,!Axxes053
Londyn,Stephens, (448) 830-1521,!Axxes054
Joanna,Rivera, (359) 748-4295,!Axxes055
Kate,Bentley, (735) 759-5085,!Axxes056
Seamus,Potts, (266) 590-1264,!Axxes057
Talia,Barron, (506) 406-9398,!Axxes058
Phoenix,Dougherty, (963) 828-0759,!Axxes059
Kason,Perez, (548) 699-7336,!Axxes060
Danielle,Potts, (746) 875-7980,!Axxes061
Karli,Zimmerman, (513) 624-0974,!Axxes062
Kyler,Wilcox, (416) 406-2075,!Axxes063
Alessandro,Gomez, (588) 593-4032,!Axxes064
Elliana,Koch, (252) 705-1015,!Axxes065
Janelle,Baldwin, (449) 801-7069,!Axxes066
Tony,Forbes, (534) 627-5583,!Axxes067
Sonia,Harrison, (757) 694-8243,!Axxes068
Allyson,Zimmerman, (841) 971-3443,!Axxes069
Victoria,Salinas, (272) 520-4521,!Axxes070
Ariel,Reed, (699) 404-6671,!Axxes071
Brenda,Baxter, (801) 451-1569,!Axxes072
Amirah,Davies, (220) 710-6848,!Axxes073
Camilla,Lawrence, (813) 823-1471,!Axxes074
Kathy,Hubbard, (201) 265-1112,!Axxes075
Russell,Coleman, (453) 731-5684,!Axxes076
Izaiah,Sutton, (799) 205-0423,!Axxes077
Ryan,Bradley, (701) 201-7203,!Axxes078
Camila,Mitchell, (615) 222-8012,!Axxes079
Immanuel,Baird, (417) 492-6512,!Axxes080
Cesar,Guerra, (262) 478-9456,!Axxes081
Cherish,Lang, (593) 279-8741,!Axxes082
Maryjane,Escobar, (558) 864-9424,!Axxes083
Dalton,Watkins, (874) 471-6937,!Axxes084
Miles,Moody, (462) 597-0548,!Axxes085
Troy,Gregory, (476) 276-1137,!Axxes086
Kristen,Kline, (454) 741-0031,!Axxes087
Kaylyn,Marsh, (490) 357-2272,!Axxes088
Dillon,Chase, (413) 276-2553,!Axxes089
Riya,Nelson, (617) 936-3573,!Axxes090
Alisson,Potter, (292) 323-6874,!Axxes091
Isaac,Mcgrath, (844) 280-8471,!Axxes092
Stella,Wheeler, (778) 270-6347,!Axxes093
Allie,Hood, (657) 389-5045,!Axxes094
Brogan,Mills, (457) 600-6504,!Axxes095
Amaris,Arnold, (372) 259-9222,!Axxes096
Ivan,Howe, (966) 899-5118,!Axxes097
Maxim,Moss, (950) 843-3485,!Axxes098
Joslyn,Barry, (279) 580-3817,!Axxes099
Tobias,Montes, (539) 664-3750,!Axxes100
Penelope,Fischer, (502) 741-0916,!Axxes101
Charity,Marks, (370) 426-0893,!Axxes102
Octavio,Everett, (606) 375-9373,!Axxes103
Rebecca,Shepard, (285) 934-9337,!Axxes104
Thalia,Mcguire, (966) 478-6290,!Axxes105
Coby,Bennett, (407) 613-2523,!Axxes106
Morgan,Morse, (396) 841-4000,!Axxes107
Freddy,Pennington, (253) 967-1300,!Axxes108
Laila,Montgomery, (649) 232-6617,!Axxes109
Dominique,Herrera, (418) 926-3029,!Axxes110
Quintin,Carey, (768) 681-9481,!Axxes111
Johnathan,Mendoza, (645) 261-9932,!Axxes112
Ernesto,Flynn, (540) 560-1204,!Axxes113
Kailyn,Forbes, (746) 241-1328,!Axxes114
Silas,Kidd, (840) 749-2070,!Axxes115
Quinten,Leach, (508) 842-1427,!Axxes116
Trace,Lynn, (684) 267-7495,!Axxes117
Tyree,Tucker, (208) 463-9372,!Axxes118
Regan,Rios, (819) 548-6034,!Axxes119
Yamilet,Howell, (600) 798-4929,!Axxes120
Cameron,Ellis, (822) 878-8970,!Axxes121
Alannah,Leach, (595) 491-8342,!Axxes122
Jensen,Rich, (800) 946-8552,!Axxes123
Aidan,Ortega, (825) 697-5984,!Axxes124
Katherine,Blackwell, (972) 710-4782,!Axxes125
Amaris,Castro, (510) 506-5259,!Axxes126
Chad,Bruce, (586) 563-8427,!Axxes127
Cory,Bruce, (900) 941-5661,!Axxes128
Jessica,Garner, (845) 879-3638,!Axxes129
Adison,Garcia, (303) 257-8872,!Axxes130
Marley,Tate, (238) 820-3292,!Axxes131
Amiah,Mitchell, (255) 649-9797,!Axxes132
Cheyenne,Levy, (496) 708-1767,!Axxes133
Alanna,Larson, (790) 762-2398,!Axxes134
Riley,Baird, (507) 675-4476,!Axxes135
Uriel,Larson, (634) 729-9008,!Axxes136
Lillie,Bolton, (455) 799-4792,!Axxes137
Jeramiah,Casey, (832) 869-7314,!Axxes138
Landin,Henson, (485) 931-4314,!Axxes139
Melanie,Goodman, (943) 448-3972,!Axxes140
Jerome,Trujillo, (546) 923-9329,!Axxes141
Cade,Lane, (293) 464-1264,!Axxes142
Brennan,Arellano, (794) 453-2416,!Axxes143
Mckenna,Goodwin, (986) 691-7780,!Axxes144
Dayami,Haney, (389) 997-7743,!Axxes145
Corey,Benjamin, (753) 900-1433,!Axxes146
Junior,Golden, (894) 513-2261,!Axxes147
Jared,Carr, (433) 844-0966,!Axxes148
Mackenzie,Rose, (539) 735-5949,!Axxes149
Agustin,Mosley, (243) 286-0753,!Axxes150
Jaiden,Little, (833) 680-0677,!Axxes151
Sydney,Baldwin, (765) 390-5083,!Axxes152
Kristian,Lopez, (373) 668-3873,!Axxes153
Emily,Marquez, (606) 491-8873,!Axxes154
Tyrone,Hartman, (986) 395-8147,!Axxes155
Jamar,Wu, (408) 616-7033,!Axxes156
Esther,Decker, (580) 337-8524,!Axxes157
Brenden,Davies, (982) 256-5430,!Axxes158
Sophia,Delgado, (564) 380-3807,!Axxes159
Karson,Delgado, (344) 858-0808,!Axxes160
Francis,Cunningham, (828) 262-6007,!Axxes161
Karley,Bentley, (432) 806-7883,!Axxes162
Kathleen,Moon, (798) 588-6408,!Axxes163
Lee,Goodwin, (898) 593-8452,!Axxes164
Kylee,Mcintyre, (973) 973-0316,!Axxes165
Carly,Bender, (543) 328-3517,!Axxes166
August,Arias, (574) 316-5995,!Axxes167
Jorge,Adams, (547) 659-8345,!Axxes168
Ashanti,Ray, (498) 431-7783,!Axxes169
Krista,Norton, (221) 859-9685,!Axxes170
Alexus,Petersen, (200) 345-2956,!Axxes171
Salvador,Price, (328) 961-5277,!Axxes172
Zack,Silva, (568) 336-7013,!Axxes173
Trevon,Orozco, (695) 293-8868,!Axxes174
Jaslyn,Mejia, (612) 282-6834,!Axxes175
Thalia,Haas, (436) 782-7064,!Axxes176
Ashanti,Shepherd, (643) 694-9573,!Axxes177
Zion,Landry, (987) 300-7162,!Axxes178
Karlee,Strickland, (625) 862-8830,!Axxes179
Atticus,Barker, (970) 248-3375,!Axxes180
Khalil,Petty, (263) 216-5587,!Axxes181
Anne,Allen, (816) 705-5702,!Axxes182
Antoine,Velasquez, (402) 585-9376,!Axxes183
Larry,Gonzalez, (599) 682-8082,!Axxes184
Jamir,Rosales, (725) 743-0817,!Axxes185
Zackary,Conrad, (705) 781-6015,!Axxes186
Marlee,Butler, (437) 363-0798,!Axxes187
Madilyn,Peck, (770) 867-6909,!Axxes188
Jeramiah,Fisher, (639) 823-8303,!Axxes189
Kelly,Lamb, (671) 773-6587,!Axxes190
Levi,Berg, (627) 801-2459,!Axxes191
Colin,Thompson, (253) 824-7349,!Axxes192
Andrea,Adams, (566) 378-0927,!Axxes193
Craig,Robles, (347) 432-4718,!Axxes194
Clay,Crosby, (469) 291-6603,!Axxes195
Brice,Cooke, (963) 418-3760,!Axxes196
Cale,Good, (723) 806-5758,!Axxes197
Jessie,Acosta, (201) 292-3829,!Axxes198
Victoria,Christian, (492) 994-5506,!Axxes199
Isaiah,Bishop, (986) 240-3483,!Axxes200
Leila,Mcmahon, (672) 730-9835,!Axxes201
Justin,Schultz, (305) 507-3221,!Axxes202
Eliezer,Lang, (837) 707-6862,!Axxes203
Dante,Mcgee, (267) 765-8939,!Axxes204
Janiah,David, (291) 740-8971,!Axxes205
Brenden,Johnston, (921) 766-3200,!Axxes206
Titus,Bennett, (319) 503-9716,!Axxes207
Jaiden,Bradley, (411) 984-9759,!Axxes208
Princess,Montgomery, (380) 773-3467,!Axxes209
Jax,Burke, (264) 583-9836,!Axxes210
Kaden,Buchanan, (630) 253-5211,!Axxes211
Selena,Joseph, (845) 649-5294,!Axxes212
Yaritza,Raymond, (549) 670-0545,!Axxes213
Eli,Randall, (452) 732-3092,!Axxes214
Alondra,Price, (987) 779-2497,!Axxes215
Hailee,Cook, (404) 931-4358,!Axxes216
Lauren,Friedman, (387) 815-1618,!Axxes217
Mike,Colon, (480) 293-2377,!Axxes218
Mylee,Patton, (904) 250-1365,!Axxes219
Kelsie,Kennedy, (793) 316-4127,!Axxes220
Misael,Estrada, (414) 291-7905,!Axxes221
Karter,Branch, (362) 957-0176,!Axxes222
Giovanni,Ortega, (309) 204-0298,!Axxes223
Kristopher,Patterson, (829) 874-3551,!Axxes224
Jayvon,Chang, (406) 280-9169,!Axxes225
Lara,Hansen, (995) 601-3532,!Axxes226
Teagan,Frey, (933) 548-1391,!Axxes227
Mariela,Harrell, (815) 263-4029,!Axxes228
Dakota,Woods, (757) 870-6426,!Axxes229
Kennedy,Francis, (206) 445-1244,!Axxes230
Mollie,Russo, (541) 808-8757,!Axxes231
Leslie,Bryant, (500) 285-7153,!Axxes232
Liana,Nichols, (899) 564-1266,!Axxes233
Serena,Gibson, (919) 747-9602,!Axxes234
Gabriela,Whitaker, (924) 276-6773,!Axxes235
Sophia,Shaw, (803) 724-6298,!Axxes236
Karen,Robbins, (797) 858-1872,!Axxes237
Victoria,Watts, (473) 302-3358,!Axxes238
Raegan,Griffin, (974) 974-2698,!Axxes239
Kenzie,Chang, (252) 503-8259,!Axxes240
Asher,Aguilar, (269) 380-8114,!Axxes241
Enrique,Norris, (310) 949-4402,!Axxes242
Reece,Esparza, (805) 433-5504,!Axxes243
Paige,Kline, (324) 777-7046,!Axxes244
Patricia,Obrien, (895) 722-2855,!Axxes245
Alanna,Zamora, (250) 368-1170,!Axxes246
Brielle,Velazquez, (873) 274-1049,!Axxes247
Hadley,Sexton, (350) 448-5115,!Axxes248
Jefferson,Hunt, (458) 806-7127,!Axxes249
Molly,Petersen, (974) 315-7535,!Axxes250
Toby,Burke, (490) 934-3619,!Axxes251
Jon,Braun, (662) 863-6310,!Axxes252
Jasmin,Sparks, (708) 965-7093,!Axxes253
Mayra,Zuniga, (847) 250-1840,!Axxes254
Justine,Mejia, (245) 677-9528,!Axxes255
Abigail,Simon, (249) 775-2761,!Axxes256
Yair,Peck, (667) 545-5794,!Axxes257
Aldo,Blankenship, (302) 659-2173,!Axxes258
Isabela,Jenkins, (260) 299-8502,!Axxes259
Deacon,Bautista, (225) 914-3731,!Axxes260
Trace,Trevino, (403) 608-7342,!Axxes261
Jovanni,Shelton, (949) 403-8555,!Axxes262
Lucas,Maddox, (478) 447-2808,!Axxes263
Mike,Zimmerman, (914) 976-0107,!Axxes264
Cherish,Morton, (753) 657-1975,!Axxes265
Keaton,Shields, (952) 898-8526,!Axxes266
Kaliyah,Barrera, (944) 359-8632,!Axxes267
Kelly,Carter, (718) 365-8460,!Axxes268
Rafael,Mccarty, (439) 672-1038,!Axxes269
Autumn,Christian, (274) 941-7101,!Axxes270
Paisley,Mcneil, (551) 959-1498,!Axxes271
Marcos,Valencia, (611) 722-9676,!Axxes272
Mila,Downs, (540) 838-1601,!Axxes273
Leon,Daniel, (230) 348-6609,!Axxes274
Krystal,Wall, (478) 649-2706,!Axxes275
Kaden,Holland, (263) 865-9686,!Axxes276
Gunnar,Martinez, (781) 552-4061,!Axxes277
Antony,Sawyer, (725) 697-1628,!Axxes278
Isabell,Wilkinson, (452) 730-4888,!Axxes279
Raelynn,Miller, (411) 273-2693,!Axxes280
Nadia,Adams, (856) 481-0818,!Axxes281
Bella,Hobbs, (669) 668-9227,!Axxes282
Albert,Curry, (499) 701-8953,!Axxes283
Genevieve,Mcneil, (242) 662-5108,!Axxes284
Clare,Marquez, (717) 919-3918,!Axxes285
Fatima,Patrick, (590) 479-2472,!Axxes286
Renee,Williamson, (858) 961-4634,!Axxes287
Amelia,Richmond, (354) 937-3986,!Axxes288
Bruce,Boyer, (519) 642-8255,!Axxes289
Daisy,Fitzpatrick, (852) 688-5762,!Axxes290
Ismael,Shelton, (367) 240-3062,!Axxes291
Rosa,Williams, (741) 206-9874,!Axxes292
Jaycee,Merritt, (893) 903-3176,!Axxes293
Kieran,Shelton, (255) 551-1097,!Axxes294
Rolando,Cardenas, (999) 213-7549,!Axxes295
Serenity,Floyd, (540) 969-5494,!Axxes296
Gilberto,Juarez, (838) 607-6694,!Axxes297
Noel,Roth, (949) 687-6154,!Axxes298
Cloe,Chambers, (364) 793-4291,!Axxes299
Elias,Knapp, (820) 770-7737,!Axxes300
Marco,Cortez, (852) 839-5436,!Axxes301
Gage,Bryant, (278) 699-2543,!Axxes302
Olive,Rowland, (585) 720-8604,!Axxes303
Rowan,Price, (959) 635-4175,!Axxes304
Kamila,Galvan, (240) 334-9092,!Axxes305
Ezra,Larson, (835) 825-1447,!Axxes306
Jacey,Walters, (470) 311-0006,!Axxes307
Keagan,Klein, (297) 273-3060,!Axxes308
Ella,Carney, (517) 691-3865,!Axxes309
Marley,Hancock, (397) 286-3842,!Axxes310
Madalynn,Brady, (628) 788-7501,!Axxes311
Aidan,Potter, (354) 424-4913,!Axxes312
Jeramiah,Weiss, (328) 721-5001,!Axxes313
Harper,Hudson, (867) 831-7915,!Axxes314
Cara,Saunders, (961) 219-4398,!Axxes315
Camron,Ford, (306) 596-6311,!Axxes316
Cory,Dawson, (635) 580-8958,!Axxes317
Andres,Davenport, (308) 860-3488,!Axxes318
Benjamin,Lawson, (944) 305-7976,!Axxes319
Jonathan,Kent, (328) 545-4853,!Axxes320
Karissa,Powell, (810) 995-3357,!Axxes321
Jackson,Mcgrath, (808) 744-9537,!Axxes322
Rocco,Wilcox, (636) 804-2691,!Axxes323
Maddison,Baxter, (991) 458-8334,!Axxes324
Malachi,Russo, (884) 718-7439,!Axxes325
Adonis,Frost, (438) 484-3377,!Axxes326
Cole,Chandler, (682) 580-0645,!Axxes327
Hugo,Duarte, (930) 878-6549,!Axxes328
Alyssa,Frey, (550) 591-1589,!Axxes329
Azaria,Acosta, (766) 814-8842,!Axxes330
Karina,Sanchez, (466) 357-2148,!Axxes331
Grayson,Velasquez, (439) 224-0303,!Axxes332
Dwayne,Melton, (511) 824-3252,!Axxes333
Madisyn,Mata, (782) 515-1392,!Axxes334
Kelvin,Buckley, (546) 735-1808,!Axxes335
Thaddeus,Brennan, (837) 661-9037,!Axxes336
Isis,Klein, (336) 361-5788,!Axxes337
Lamont,Pruitt, (696) 489-9915,!Axxes338
Mayra,Santos, (246) 971-5471,!Axxes339
Ava,Kline, (497) 339-2284,!Axxes340
Kendall,Hall, (499) 506-3364,!Axxes341
Kade,Coleman, (799) 686-8574,!Axxes342
Jovan,Barajas, (901) 532-6604,!Axxes343
Ari,Massey, (677) 496-7518,!Axxes344
Hannah,Fitzpatrick, (901) 792-7809,!Axxes345
Claire,Beasley, (765) 556-2185,!Axxes346
Gabriela,Owens, (416) 493-2693,!Axxes347
Catherine,Hunter, (281) 782-2963,!Axxes348
Walker,Hanna, (561) 528-2131,!Axxes349
Dayami,Harmon, (619) 482-4942,!Axxes350
Landen,Rice, (397) 558-9621,!Axxes351
Alannah,Dyer, (367) 681-0714,!Axxes352
Miley,Tate, (272) 816-6118,!Axxes353
Lorelai,Garcia, (305) 399-7126,!Axxes354
Leia,Anderson, (234) 295-1694,!Axxes355
Kaiya,Hess, (956) 471-5343,!Axxes356
Matteo,Robbins, (943) 950-7477,!Axxes357
Mia,Valdez, (432) 807-0741,!Axxes358
Zackery,Francis, (545) 866-8376,!Axxes359
Xander,Keith, (981) 625-0253,!Axxes360
Corey,Serrano, (240) 818-6637,!Axxes361
Jaime,Avery, (425) 766-9122,!Axxes362
Moises,Little, (664) 345-5199,!Axxes363
Sheldon,Cardenas, (848) 855-1418,!Axxes364
Gaven,Stewart, (522) 312-2574,!Axxes365
Sasha,Curtis, (876) 575-8907,!Axxes366
Lorelei,Nolan, (371) 786-3968,!Axxes367
Celeste,Davis, (924) 274-0501,!Axxes368
Derrick,Hull, (382) 939-2514,!Axxes369
Guillermo,Clayton, (365) 602-5275,!Axxes370
Sasha,Newton, (537) 522-7998,!Axxes371
Gustavo,Mclean, (292) 990-2444,!Axxes372
Emerson,Stanley, (843) 825-8238,!Axxes373
Alyson,Vazquez, (792) 721-9832,!Axxes374
Dawson,Barber, (960) 532-7069,!Axxes375
Annalise,Miller, (880) 631-5936,!Axxes376
Kasen,Hale, (292) 821-9284,!Axxes377
Russell,Bernard, (234) 588-7428,!Axxes378
Clara,Garza, (669) 786-8958,!Axxes379
Madeleine,Dickson, (535) 945-5111,!Axxes380
Norah,Barnes, (848) 442-3263,!Axxes381
Anabel,Pittman, (251) 950-2364,!Axxes382
Joyce,Richards, (340) 922-6747,!Axxes383
Carlie,Mccarty, (795) 553-1951,!Axxes384
Jaslene,Lloyd, (583) 837-0036,!Axxes385
London,Bartlett, (526) 600-0530,!Axxes386
Sebastian,Savage, (547) 666-4284,!Axxes387
Jewel,Pratt, (981) 972-6164,!Axxes388
Aniyah,Paul, (210) 790-4344,!Axxes389
Simeon,Campos, (709) 923-2928,!Axxes390
Danika,Cisneros, (947) 913-0055,!Axxes391
Shirley,Blankenship, (355) 775-0242,!Axxes392
Gage,Cantrell, (507) 998-9910,!Axxes393
Camron,Cummings, (938) 260-3871,!Axxes394
Elijah,West, (755) 430-6920,!Axxes395
Muhammad,Nunez, (918) 654-9185,!Axxes396
Braxton,Holt, (298) 895-2383,!Axxes397
Aniya,Larsen, (642) 757-2357,!Axxes398
Hallie,Chapman, (312) 764-9836,!Axxes399
Lacey,Gallagher, (618) 739-0669,!Axxes400
Layne,Summers, (446) 815-4804,!Axxes401
Yahir,Vazquez, (493) 740-3215,!Axxes402
Chloe,Pham, (876) 585-1555,!Axxes403
Kyler,Gibbs, (314) 582-8443,!Axxes404
Darren,Sullivan, (893) 983-5656,!Axxes405
Yasmin,Castillo, (587) 671-5778,!Axxes406
Quinton,Salinas, (350) 409-9988,!Axxes407
Alisha,Trevino, (424) 378-4421,!Axxes408
Byron,Powell, (589) 260-6510,!Axxes409
Avery,Lindsey, (968) 933-4693,!Axxes410
Kole,Cunningham, (272) 535-3932,!Axxes411
Annie,Callahan, (954) 277-3292,!Axxes412
Alvin,Gill, (586) 261-7168,!Axxes413
Davian,Dunn, (434) 370-8264,!Axxes414
Trevon,Howell, (495) 384-8635,!Axxes415
Nickolas,Davenport, (479) 734-0430,!Axxes416
Alexis,Delgado, (230) 733-2922,!Axxes417
Mckenzie,Yates, (478) 343-2042,!Axxes418
Jayleen,Lawrence, (582) 435-6795,!Axxes419
Aron,Soto, (467) 992-8122,!Axxes420
Kaliyah,Hartman, (680) 715-7571,!Axxes421
Rex,Mcdowell, (728) 434-4602,!Axxes422
Heath,Orozco, (999) 647-8475,!Axxes423
Mariela,Curry, (354) 644-8040,!Axxes424
Monica,Salinas, (709) 314-1055,!Axxes425
Jimmy,Schaefer, (412) 490-3664,!Axxes426
Nataly,Melton, (292) 685-1128,!Axxes427
Trystan,Mckinney, (932) 873-6928,!Axxes428
Maryjane,Snyder, (994) 526-4963,!Axxes429
Dana,Villa, (922) 772-8655,!Axxes430
Siena,Reeves, (527) 544-2222,!Axxes431
Jaylen,Petty, (728) 276-4030,!Axxes432
Jonah,Byrd, (932) 266-8359,!Axxes433
Gabriel,Huber, (837) 665-2836,!Axxes434
Grayson,Beck, (387) 494-9535,!Axxes435
Julien,Castillo, (409) 238-3575,!Axxes436
Shamar,Stevens, (905) 839-8036,!Axxes437
Pranav,Paul, (459) 882-6884,!Axxes438
Bridget,Stone, (275) 499-5271,!Axxes439
Julianne,Davidson, (581) 266-6527,!Axxes440
Katrina,Hutchinson, (687) 425-6615,!Axxes441
Cloe,Patrick, (910) 766-0711,!Axxes442
Addison,Kelley, (596) 608-6074,!Axxes443
Nadia,Wong, (693) 404-1117,!Axxes444
Marlee,Pittman, (913) 241-1252,!Axxes445
Hallie,Melton, (230) 715-4217,!Axxes446
Jeremiah,Stevenson, (237) 629-4450,!Axxes447
Mason,Drake, (880) 571-4202,!Axxes448
Valerie,Harmon, (278) 819-2673,!Axxes449
Laila,Jensen, (334) 670-7428,!Axxes450
Niko,Thomas, (938) 238-0316,!Axxes451
Annabel,Villanueva, (703) 288-5472,!Axxes452
Juliet,Avery, (873) 512-2185,!Axxes453
Jayla,Galloway, (790) 987-2447,!Axxes454
Lillian,Mendez, (827) 307-3980,!Axxes455
Zaid,Butler, (539) 356-4627,!Axxes456
Jayleen,Keller, (865) 598-4630,!Axxes457
Kallie,Welch, (843) 262-4938,!Axxes458
Katherine,Lane, (400) 698-1619,!Axxes459
Tabitha,Harper, (543) 297-1939,!Axxes460
Jayvon,Farrell, (893) 792-8557,!Axxes461
Mila,Walls, (444) 800-7101,!Axxes462
Judith,Gonzalez, (487) 912-2144,!Axxes463
Taniyah,Richards, (764) 315-9419,!Axxes464
Nolan,Bowman, (464) 692-2492,!Axxes465
Tabitha,Parrish, (288) 249-0192,!Axxes466
Luca,Andrade, (848) 681-7990,!Axxes467
Madilyn,Walls, (511) 242-8860,!Axxes468
Myles,Anthony, (381) 368-2173,!Axxes469
Kendall,Reilly, (934) 298-1432,!Axxes470
Abdiel,Phelps, (948) 737-9383,!Axxes471
Renee,Sampson, (207) 284-1312,!Axxes472
Dayton,Bauer, (551) 576-8864,!Axxes473
Kallie,Mccarthy, (271) 762-1039,!Axxes474
Greyson,Diaz, (435) 733-5636,!Axxes475
Kayden,Edwards, (210) 938-5050,!Axxes476
Eduardo,Kemp, (400) 389-1310,!Axxes477
Frankie,Ibarra, (294) 656-3562,!Axxes478
Erik,Casey, (593) 955-2925,!Axxes479
Ivy,Brennan, (489) 516-9344,!Axxes480
Lisa,Mercer, (636) 322-8907,!Axxes481
Peyton,Washington, (847) 598-7091,!Axxes482
Declan,Archer, (343) 929-1564,!Axxes483
Izabella,Obrien, (553) 204-5675,!Axxes484
Zayden,Webster, (883) 572-3699,!Axxes485
Kaitlynn,Daugherty, (387) 887-0145,!Axxes486
Angeline,Joseph, (540) 464-5453,!Axxes487
Cindy,Strong, (666) 416-0539,!Axxes488
Raelynn,Marshall, (862) 350-8019,!Axxes489
Patrick,Miller, (350) 804-0983,!Axxes490
Sullivan,Cherry, (508) 354-1670,!Axxes491
Brendan,James, (603) 599-3165,!Axxes492
Marilyn,Acevedo, (371) 503-1387,!Axxes493
Koen,Brennan, (573) 763-6514,!Axxes494
Andreas,Schmidt, (320) 207-5710,!Axxes495
Paisley,Choi, (719) 417-8704,!Axxes496
Micheal,French, (646) 766-9791,!Axxes497
Rudy,Thornton, (839) 648-1394,!Axxes498
Nathaly,Petty, (653) 230-6123,!Axxes499
Savanah,Dyer, (315) 232-6546,!Axxes500
Catalina,Campos, (422) 267-5881,!Axxes501
Jaxson,Gates, (500) 370-2885,!Axxes502
Willie,Mcdaniel, (581) 271-1885,!Axxes503
Janelle,Rasmussen, (839) 742-6522,!Axxes504
Alana,Francis, (490) 585-5685,!Axxes505
Angelo,Mccarty, (606) 609-3766,!Axxes506
Anne,Daniels, (666) 329-3652,!Axxes507
Layne,Spence, (282) 732-7216,!Axxes508
Leonidas,Cunningham, (874) 434-4300,!Axxes509
Cassius,Reeves, (891) 477-9287,!Axxes510
Samir,Lara, (500) 604-7848,!Axxes511
Heidi,Lopez, (288) 796-1808,!Axxes512
Devon,Lewis, (565) 296-2670,!Axxes513
Uriel,Maddox, (255) 942-6905,!Axxes514
Amanda,Callahan, (558) 351-3573,!Axxes515
Devan,Zamora, (204) 612-0009,!Axxes516
Korbin,Costa, (727) 789-1445,!Axxes517
Slade,Pearson, (950) 624-0590,!Axxes518
Taylor,Lester, (346) 229-3628,!Axxes519
Alfredo,Middleton, (483) 388-9047,!Axxes520
London,Hess, (536) 886-7786,!Axxes521
Carleigh,Benton, (781) 760-4239,!Axxes522
Lea,Kaiser, (361) 839-5567,!Axxes523
Aidan,Wagner, (634) 305-9815,!Axxes524
Megan,Joseph, (687) 840-0157,!Axxes525
Zion,Horn, (576) 502-5904,!Axxes526
Rachel,Benjamin, (677) 380-9842,!Axxes527
Kaelyn,Giles, (713) 387-9187,!Axxes528
Dominik,Fitzpatrick, (794) 642-0525,!Axxes529
Brayden,Anthony, (599) 385-5552,!Axxes530
Saniyah,Harding, (368) 686-8193,!Axxes531
Kathryn,Webb, (556) 918-2545,!Axxes532
Zaid,Carney, (212) 442-9591,!Axxes533
Harper,Franco, (425) 570-9171,!Axxes534
Cason,Lucas, (915) 216-5013,!Axxes535
Matilda,Arnold, (613) 841-0171,!Axxes536
Kendra,Caldwell, (860) 620-9032,!Axxes537
Dario,Mosley, (761) 767-7633,!Axxes538
Blaine,Brooks, (803) 843-5401,!Axxes539
Helen,Horton, (336) 510-5760,!Axxes540
Emerson,Barnett, (295) 946-3874,!Axxes541
Grace,Lowery, (245) 772-1028,!Axxes542
Nathanial,Navarro, (332) 596-5617,!Axxes543
Alden,Mckee, (749) 938-5997,!Axxes544
Cassidy,Olsen, (452) 949-2301,!Axxes545
Deven,Baird, (872) 472-2320,!Axxes546
Bo,Sparks, (764) 519-8693,!Axxes547
Halle,Hines, (607) 405-7414,!Axxes548
Isaias,Fleming, (545) 692-6673,!Axxes549
Lennon,Mckenzie, (338) 849-5753,!Axxes550
Emely,Jenkins, (626) 211-5228,!Axxes551
Conor,Hurley, (658) 571-2651,!Axxes552
Jamie,Weiss, (792) 417-7979,!Axxes553
Maximilian,Evans, (771) 590-0185,!Axxes554
Trey,Lucas, (729) 276-1444,!Axxes555
Madyson,Greer, (721) 235-6472,!Axxes556
Muhammad,Cannon, (564) 942-4322,!Axxes557
Brock,Khan, (363) 579-4362,!Axxes558
Brynn,Chambers, (425) 270-6984,!Axxes559
Tristian,Lozano, (255) 692-1754,!Axxes560
Andres,Quinn, (740) 340-7491,!Axxes561
Ireland,Nelson, (396) 506-6697,!Axxes562
Hailee,Armstrong, (736) 902-0384,!Axxes563
Jimmy,Holden, (257) 820-4199,!Axxes564
Kyle,Mccullough, (455) 802-6543,!Axxes565
Amiah,Klein, (969) 319-4740,!Axxes566
Skyler,Cardenas, (461) 765-4185,!Axxes567
Christina,Rubio, (429) 487-9115,!Axxes568
Jade,Buck, (706) 226-1845,!Axxes569
Keaton,Nolan, (313) 692-9908,!Axxes570
Everett,Reid, (706) 261-9239,!Axxes571
Cadence,Hartman, (354) 686-4385,!Axxes572
Korbin,Snow, (649) 497-7227,!Axxes573
Tomas,Dalton, (686) 387-7175,!Axxes574
Kash,Abbott, (484) 765-7259,!Axxes575
Alisson,Hutchinson, (206) 676-9264,!Axxes576
Jazmine,Douglas, (296) 605-1730,!Axxes577
Issac,Russell, (238) 800-0337,!Axxes578
London,Ball, (704) 221-7311,!Axxes579
Jillian,Marsh, (389) 395-3399,!Axxes580
Lamar,Krause, (854) 494-4195,!Axxes581
Bradley,Wells, (404) 411-6254,!Axxes582
Tessa,Lester, (251) 596-1274,!Axxes583
Amir,Sharp, (709) 376-4935,!Axxes584
Mariah,Burton, (463) 807-3462,!Axxes585
Maxim,Jenkins, (572) 579-2090,!Axxes586
Lucille,Kirk, (340) 969-2708,!Axxes587
Maleah,Stone, (448) 647-6346,!Axxes588
Asa,Petersen, (318) 329-6515,!Axxes589
Harrison,Weber, (220) 534-1727,!Axxes590
Avery,Odom, (776) 548-4435,!Axxes591
Samson,Oneill, (918) 539-6805,!Axxes592
Laila,Ramsey, (714) 438-8443,!Axxes593
Joel,Contreras, (845) 941-8121,!Axxes594
Jade,Martin, (708) 903-4226,!Axxes595
Marc,Gonzalez, (715) 205-5778,!Axxes596
Benjamin,Haynes, (714) 324-5296,!Axxes597
Antoine,Rhodes, (574) 828-6639,!Axxes598
Conor,Parks, (590) 791-1615,!Axxes599
Julian,Woods, (212) 387-3142,!Axxes600
Scott,Mckay, (364) 449-4558,!Axxes601
Katie,Guerra, (576) 472-0338,!Axxes602
Alannah,Larsen, (862) 562-9470,!Axxes603
Dexter,Buchanan, (765) 263-0174,!Axxes604
Kaia,Johnston, (357) 964-3174,!Axxes605
Julie,Moss, (789) 779-2166,!Axxes606
Emily,Wu, (704) 437-4485,!Axxes607
Gilbert,Fitzgerald, (380) 281-9788,!Axxes608
Joel,Alvarez, (786) 794-9212,!Axxes609
Vanessa,Young, (743) 746-7779,!Axxes610
Diya,Bruce, (475) 865-5841,!Axxes611
Edward,Roth, (691) 532-1154,!Axxes612
Kamora,Spencer, (455) 617-1237,!Axxes613
Maren,Olsen, (586) 955-5363,!Axxes614
Jarrett,Lindsey, (816) 683-2971,!Axxes615
Zavier,Alvarado, (757) 509-1924,!Axxes616
Colin,Noble, (782) 240-6575,!Axxes617
Rudy,Howard, (210) 896-4251,!Axxes618
Zane,Mann, (299) 721-0254,!Axxes619
Laura,Hampton, (882) 253-8338,!Axxes620
Simeon,Bailey, (801) 835-6781,!Axxes621
Nikolas,Herrera, (709) 612-8121,!Axxes622
Branden,Sanders, (994) 764-9696,!Axxes623
Raquel,Melton, (250) 309-0097,!Axxes624
Jaeden,Payne, (834) 228-7751,!Axxes625
Zaire,Buckley, (373) 647-7027,!Axxes626
Devin,Dyer, (963) 869-1584,!Axxes627
Brayden,Ray, (824) 403-4003,!Axxes628
Holden,Kim, (894) 560-9428,!Axxes629
Yasmin,Mckay, (243) 218-2364,!Axxes630
Darwin,Burgess, (975) 407-8621,!Axxes631
Marley,Ferrell, (225) 697-3547,!Axxes632
Renee,Howard, (564) 532-1869,!Axxes633
Nehemiah,Cordova, (221) 262-2629,!Axxes634
Keyla,Lamb, (625) 711-8367,!Axxes635
Lilly,Luna, (545) 224-4496,!Axxes636
Sierra,Russo, (951) 726-5352,!Axxes637
Malcolm,Huber, (418) 402-7523,!Axxes638
Claudia,Meza, (202) 488-4026,!Axxes639
Layla,Manning, (782) 735-9502,!Axxes640
Wilson,Clements, (845) 970-4935,!Axxes641
Katrina,Pineda, (664) 992-4910,!Axxes642
Sonia,Hahn, (254) 463-2007,!Axxes643
Quinton,Jordan, (442) 203-1115,!Axxes644
Rocco,Bright, (387) 296-4663,!Axxes645
Terrance,Davila, (716) 805-0540,!Axxes646
Issac,Petersen, (679) 307-0475,!Axxes647
Francis,Colon, (653) 863-7747,!Axxes648
Elian,Gillespie, (471) 296-6435,!Axxes649
Celeste,Sanchez, (536) 292-3057,!Axxes650
Jaqueline,English, (810) 326-8707,!Axxes651
Royce,Mathis, (376) 415-2275,!Axxes652
Meghan,Carey, (490) 633-6399,!Axxes653
Harper,Rhodes, (551) 967-2110,!Axxes654
Coby,Calhoun, (481) 318-1321,!Axxes655
Tabitha,Leach, (229) 871-5879,!Axxes656
Ezekiel,Bean, (662) 259-7932,!Axxes657
Fernando,Donaldson, (438) 372-7924,!Axxes658
Addison,Rocha, (778) 820-4276,!Axxes659
Kennedi,Nguyen, (812) 604-4583,!Axxes660
Darryl,Valencia, (474) 314-4389,!Axxes661
Brielle,Marquez, (381) 616-3692,!Axxes662
Evan,Leon, (373) 621-7947,!Axxes663
Aspen,Yoder, (742) 317-2072,!Axxes664
Maleah,Briggs, (610) 963-6472,!Axxes665
Ayanna,Conley, (377) 918-9095,!Axxes666
Leticia,Roach, (871) 949-3086,!Axxes667
Aleena,Floyd, (433) 532-0159,!Axxes668
Essence,Gould, (442) 794-3927,!Axxes669
Ryder,Webb, (640) 462-5892,!Axxes670
Eve,Figueroa, (239) 879-6625,!Axxes671
Kolton,Weaver, (454) 967-6296,!Axxes672
Mariam,Faulkner, (690) 921-2996,!Axxes673
Alfred,Murillo, (636) 583-2735,!Axxes674
Ruth,Terrell, (496) 348-8899,!Axxes675
Duncan,Greene, (634) 728-7624,!Axxes676
Cecelia,Jimenez, (574) 219-3115,!Axxes677
Brycen,Blackwell, (612) 285-4107,!Axxes678
Emely,Gates, (764) 309-5543,!Axxes679
Hailee,Shepard, (466) 390-0806,!Axxes680
Madalyn,Le, (508) 929-2257,!Axxes681
Jillian,Clay, (512) 733-3435,!Axxes682
Abdullah,Cordova, (685) 221-6870,!Axxes683
Lorenzo,Rosales, (333) 759-7575,!Axxes684
Francis,Welch, (285) 718-6735,!Axxes685
Jasmin,Terrell, (917) 766-3474,!Axxes686
Pamela,Savage, (491) 889-9349,!Axxes687
Eliana,Robinson, (365) 415-8841,!Axxes688
Kenzie,Bradley, (974) 731-0844,!Axxes689
Selena,Gibbs, (348) 596-2128,!Axxes690
Conner,Nguyen, (706) 755-5906,!Axxes691
Nathaniel,Kirby, (324) 604-5849,!Axxes692
Cale,Coffey, (217) 676-3802,!Axxes693
Davian,Miranda, (838) 521-0155,!Axxes694
Ruby,Finley, (654) 734-4896,!Axxes695
Gilbert,Zimmerman, (441) 454-7394,!Axxes696
Juliet,Pena, (817) 219-7683,!Axxes697
Marlon,Roman, (646) 605-5669,!Axxes698
Alisha,Holloway, (906) 652-0397,!Axxes699
Kyla,Reed, (810) 781-7656,!Axxes700
Haiden,Reid, (371) 448-0807,!Axxes701
Evangeline,Combs, (936) 441-6619,!Axxes702
Madyson,Mays, (400) 441-7006,!Axxes703
Emily,Sims, (842) 247-6050,!Axxes704
Ana,Owens, (563) 244-9939,!Axxes705
Kayley,Pierce, (664) 676-3988,!Axxes706
Tessa,Sosa, (295) 603-1906,!Axxes707
Chanel,Stevens, (763) 219-0530,!Axxes708
Clarissa,Dyer, (760) 612-3552,!Axxes709
Kayden,Todd, (452) 865-5043,!Axxes710
Cristian,Burton, (463) 429-8893,!Axxes711
Jamiya,Boyd, (265) 613-1724,!Axxes712
Dylan,Mccann, (247) 717-9757,!Axxes713
Natalia,Strong, (419) 265-5051,!Axxes714
Jett,Travis, (428) 322-3957,!Axxes715
Lydia,Hebert, (338) 919-1598,!Axxes716
Nasir,Powers, (371) 869-0944,!Axxes717
Mariah,Melton, (835) 382-1209,!Axxes718
Tess,Rowland, (775) 563-7339,!Axxes719
Jaylen,Newton, (389) 617-7013,!Axxes720
Ace,Miranda, (514) 463-5214,!Axxes721
Moises,Ryan, (617) 285-2000,!Axxes722
Isai,Hardy, (406) 494-7011,!Axxes723
Brooke,Blake, (436) 867-0794,!Axxes724
Sloane,Peters, (458) 427-5963,!Axxes725
Joseph,Hensley, (494) 461-1088,!Axxes726
Krista,Clark, (533) 729-9829,!Axxes727
Maci,Michael, (645) 569-6089,!Axxes728
Destiny,Duke, (867) 409-5317,!Axxes729
Kallie,Zamora, (247) 801-6224,!Axxes730
Donavan,Reynolds, (587) 321-6170,!Axxes731
Kylan,Lang, (984) 259-8847,!Axxes732
Alana,Oneal, (471) 368-3326,!Axxes733
Kirsten,Ward, (674) 733-1372,!Axxes734
Jaidyn,Reeves, (329) 529-9387,!Axxes735
Gerald,Solomon, (479) 319-6810,!Axxes736
Grady,Rose, (665) 432-4271,!Axxes737
Elaina,Spence, (617) 532-9388,!Axxes738
Celeste,Torres, (494) 442-9611,!Axxes739
Antwan,Li, (668) 616-1911,!Axxes740
Athena,Best, (999) 677-0132,!Axxes741
Courtney,Schroeder, (769) 465-4773,!Axxes742
Rayan,Blackwell, (457) 785-5168,!Axxes743
Anabella,Harris, (743) 252-3975,!Axxes744
Autumn,Cain, (451) 777-0253,!Axxes745
Tripp,Combs, (430) 378-2411,!Axxes746
Holden,Cox, (874) 523-6690,!Axxes747
Jeramiah,Duncan, (208) 605-4050,!Axxes748
Nicole,Carey, (688) 546-1364,!Axxes749
Yamilet,Shah, (771) 877-4249,!Axxes750
Madilyn,Lindsey, (646) 625-0102,!Axxes751
Cheyenne,Everett, (487) 646-1939,!Axxes752
Ignacio,Barnett, (212) 921-8199,!Axxes753
Agustin,Jacobson, (289) 620-8959,!Axxes754
Mackenzie,Logan, (931) 255-1920,!Axxes755
Isaiah,Harrison, (259) 944-3227,!Axxes756
Deborah,Ballard, (527) 827-5908,!Axxes757
Shyla,Blankenship, (208) 590-3758,!Axxes758
Landen,Cisneros, (757) 441-6338,!Axxes759
Jasiah,Riley, (513) 398-0723,!Axxes760
Prince,Summers, (633) 913-4061,!Axxes761
Elliot,Lucero, (452) 694-7112,!Axxes762
Scarlett,Hardy, (958) 816-3524,!Axxes763
Camron,Bowman, (567) 707-0056,!Axxes764
Jordyn,Cross, (755) 876-7406,!Axxes765
Terrence,Jimenez, (391) 220-7072,!Axxes766
Tyshawn,Sexton, (659) 295-3848,!Axxes767
Janae,Terry, (880) 440-1633,!Axxes768
Mikayla,Davies, (713) 813-7718,!Axxes769
Alfred,Cabrera, (638) 642-1958,!Axxes770
Kristopher,Payne, (759) 314-0320,!Axxes771
Kallie,Andrews, (576) 227-2795,!Axxes772
Stanley,Potter, (605) 882-9354,!Axxes773
Morgan,Vincent, (710) 636-4663,!Axxes774
Ezekiel,Kennedy, (325) 240-0074,!Axxes775
Adrien,Lane, (657) 420-0354,!Axxes776
Mohammed,Chambers, (524) 647-4981,!Axxes777
Fernando,Kennedy, (926) 662-7866,!Axxes778
Javon,Santana, (602) 405-8450,!Axxes779
Abby,Braun, (414) 936-3863,!Axxes780
Leroy,Kelly, (498) 595-3418,!Axxes781
Mackenzie,Sandoval, (874) 203-4558,!Axxes782
Franklin,Pratt, (626) 398-2197,!Axxes783
Kyle,Harrington, (576) 994-3143,!Axxes784
Clay,Alvarado, (598) 311-9742,!Axxes785
Cole,Warner, (431) 855-3396,!Axxes786
Anderson,Garrison, (324) 333-3713,!Axxes787
Mary,Erickson, (981) 941-1242,!Axxes788
Jaelyn,Noble, (523) 401-5148,!Axxes789
Danielle,Mcdonald, (390) 385-6168,!Axxes790
Darion,Price, (466) 724-3661,!Axxes791
Rigoberto,Mccormick, (733) 549-3529,!Axxes792
Jayce,Bright, (632) 634-7029,!Axxes793
Maximilian,Harper, (535) 776-4216,!Axxes794
Darien,Kerr, (433) 415-2760,!Axxes795
Marilyn,Little, (351) 918-6686,!Axxes796
Ayden,Villanueva, (347) 719-7766,!Axxes797
Jorden,Lowe, (994) 937-3759,!Axxes798
Quinton,Payne, (285) 517-1074,!Axxes799
Grace,Dean, (583) 381-6713,!Axxes800
Avah,Davenport, (845) 261-0125,!Axxes801
Kaley,Barrera, (563) 511-4006,!Axxes802
Jaden,Wilson, (594) 787-2751,!Axxes803
Hassan,Washington, (644) 855-7028,!Axxes804
Shamar,Hendrix, (537) 698-6731,!Axxes805
Marie,Heath, (972) 574-6176,!Axxes806
Alexander,Powell, (349) 975-7458,!Axxes807
Brennan,Barker, (815) 887-4963,!Axxes808
Ramiro,Acosta, (806) 978-4738,!Axxes809
Jaxon,Bradshaw, (413) 726-3360,!Axxes810
Jaime,Faulkner, (959) 231-8202,!Axxes811
Ximena,Andersen, (653) 485-1617,!Axxes812
Alexus,Spears, (345) 572-0626,!Axxes813
Ramon,Nelson, (872) 936-7833,!Axxes814
Camila,Coleman, (691) 933-3185,!Axxes815
Jacob,Romero, (462) 782-8803,!Axxes816
Darryl,Andersen, (675) 601-2583,!Axxes817
Jane,Carlson, (241) 551-4089,!Axxes818
Reyna,Rosario, (838) 553-2050,!Axxes819
Aldo,Stark, (888) 265-3080,!Axxes820
Gianni,Mccarthy, (583) 829-4588,!Axxes821
Abby,Moon, (490) 586-2141,!Axxes822
Marques,Bowman, (804) 780-9780,!Axxes823
Nick,Rasmussen, (604) 209-3185,!Axxes824
Kylee,Blair, (452) 621-8881,!Axxes825
Zion,Figueroa, (243) 851-9740,!Axxes826
Johan,Kim, (678) 664-9845,!Axxes827
Dale,Francis, (749) 615-8493,!Axxes828
Matteo,Mckee, (729) 244-6272,!Axxes829
Damien,Frye, (317) 742-1794,!Axxes830
Jasiah,Mcmahon, (331) 745-5146,!Axxes831
Daniella,Sloan, (251) 614-8377,!Axxes832
Layla,Morse, (936) 232-5030,!Axxes833
Bruce,Patrick, (976) 738-3937,!Axxes834
Joaquin,Burch, (893) 660-0213,!Axxes835
Rigoberto,Foster, (249) 933-0531,!Axxes836
Cole,Rodgers, (406) 937-5383,!Axxes837
Cullen,Jenkins, (453) 882-9266,!Axxes838
Omari,York, (405) 811-1831,!Axxes839
Tyshawn,Jackson, (917) 999-6519,!Axxes840
Angel,Baker, (235) 508-1968,!Axxes841
Jaylin,Solomon, (676) 353-0417,!Axxes842
Konnor,Herrera, (875) 936-4182,!Axxes843
Anya,Mcmahon, (954) 952-0742,!Axxes844
Marilyn,Ramsey, (860) 440-1340,!Axxes845
Bridget,Michael, (693) 999-8359,!Axxes846
Janae,Lucero, (933) 950-2403,!Axxes847
Julianne,Waters, (808) 503-6601,!Axxes848
Carlo,Foster, (982) 545-0091,!Axxes849
Stella,Sims, (854) 334-0514,!Axxes850
Briley,Olson, (302) 718-9895,!Axxes851
Quincy,Everett, (615) 842-6021,!Axxes852
Isaiah,Mata, (871) 342-1450,!Axxes853
Miguel,Rubio, (584) 411-3148,!Axxes854
Isaac,May, (636) 688-9932,!Axxes855
Jalen,Hendricks, (416) 626-8196,!Axxes856
Hunter,Colon, (523) 674-7900,!Axxes857
Ivan,Gillespie, (561) 407-3396,!Axxes858
Meadow,Benson, (285) 929-3992,!Axxes859
Cael,Pham, (657) 378-2639,!Axxes860
Ashlee,Sanford, (725) 920-0718,!Axxes861
Ashlynn,Copeland, (980) 857-1816,!Axxes862
Jake,Baldwin, (901) 707-3342,!Axxes863
Ashley,Hess, (297) 231-2700,!Axxes864
Rafael,Bond, (380) 791-1341,!Axxes865
Kianna,Kelley, (899) 523-4147,!Axxes866
Eve,Lucero, (747) 373-1940,!Axxes867
Maurice,Archer, (837) 756-0497,!Axxes868
Jeremiah,Johnson, (810) 915-3343,!Axxes869
Tristan,Boyd, (790) 908-0447,!Axxes870
Maximus,Gibson, (646) 211-3168,!Axxes871
Kira,Wilkinson, (418) 668-9724,!Axxes872
Dario,Berry, (703) 842-4831,!Axxes873
Zachary,Levy, (871) 564-1587,!Axxes874
Taylor,Powell, (304) 899-2352,!Axxes875
Dustin,Vasquez, (530) 860-6784,!Axxes876
Edgar,Harding, (987) 951-1819,!Axxes877
Jessie,Duke, (238) 558-5901,!Axxes878
Tyrone,Friedman, (477) 419-3547,!Axxes879
Bridger,Torres, (920) 397-5454,!Axxes880
Julissa,Morton, (918) 428-1398,!Axxes881
Damari,Rangel, (636) 342-2606,!Axxes882
Reid,Kaiser, (781) 356-0389,!Axxes883
Joey,Gilmore, (275) 677-4360,!Axxes884
Jordyn,Bowman, (275) 382-9202,!Axxes885
Maribel,Brooks, (897) 325-3994,!Axxes886
Malakai,Archer, (355) 312-1411,!Axxes887
Lailah,Chung, (492) 561-7899,!Axxes888
Camilla,Rollins, (519) 483-9413,!Axxes889
Addison,Hayes, (600) 606-7398,!Axxes890
Saniyah,Holland, (834) 852-1781,!Axxes891
Jaxson,Duran, (700) 544-3563,!Axxes892
Alessandro,Moore, (735) 416-0540,!Axxes893
Daniela,King, (296) 842-8772,!Axxes894
Memphis,Dennis, (805) 450-2477,!Axxes895
Savanna,Hawkins, (859) 508-0411,!Axxes896
Kenley,Aguilar, (776) 878-9561,!Axxes897
Dominique,Obrien, (789) 483-5032,!Axxes898
Darwin,Mcfarland, (968) 614-6188,!Axxes899
Jamie,Orozco, (947) 651-8816,!Axxes900
Evelin,Raymond, (320) 939-7462,!Axxes901
Lee,Zamora, (357) 887-4024,!Axxes902
Leyla,Landry, (619) 452-6661,!Axxes903
Baron,Petty, (336) 698-5614,!Axxes904
Sam,David, (480) 582-4969,!Axxes905
Neveah,Lyons, (738) 633-4749,!Axxes906
Tanner,Hale, (831) 567-3866,!Axxes907
Cheyenne,Buck, (273) 878-5126,!Axxes908
Kolby,Roberson, (383) 652-1310,!Axxes909
Emely,Glover, (781) 798-9941,!Axxes910
Maverick,Acevedo, (730) 569-8937,!Axxes911
Adyson,Humphrey, (740) 624-0965,!Axxes912
Tatiana,Jensen, (343) 880-9634,!Axxes913
Libby,Lyons, (422) 541-1262,!Axxes914
Roman,Mcgee, (508) 365-3744,!Axxes915
Draven,Frost, (696) 504-9591,!Axxes916
Sierra,Underwood, (980) 494-2985,!Axxes917
Siena,Arias, (572) 284-4355,!Axxes918
Tyler,Rosales, (231) 360-7519,!Axxes919
Micah,Spears, (729) 668-2684,!Axxes920
Karina,Warner, (567) 225-1659,!Axxes921
Savanah,Bryant, (384) 275-7429,!Axxes922
Malakai,Tyler, (788) 411-2059,!Axxes923
Jaxson,Sparks, (203) 356-3611,!Axxes924
Cruz,Price, (620) 862-6342,!Axxes925
Albert,Paul, (317) 669-8884,!Axxes926
Yosef,Guerrero, (739) 968-9054,!Axxes927
Laura,Neal, (537) 703-8240,!Axxes928
Blaze,Salinas, (302) 542-5371,!Axxes929
Luna,Hall, (912) 809-1685,!Axxes930
Marco,Mercado, (731) 788-1528,!Axxes931
Lia,Hanson, (339) 963-5960,!Axxes932
Xiomara,Butler, (385) 231-7777,!Axxes933
Brian,Pitts, (325) 479-4599,!Axxes934
Arielle,Frazier, (682) 511-8734,!Axxes935
Talan,Villegas, (616) 671-3046,!Axxes936
Cason,Gallegos, (374) 947-9436,!Axxes937
Yahir,Mcpherson, (202) 457-7402,!Axxes938
Kristian,Stanton, (680) 327-6984,!Axxes939
Caleb,Kerr, (284) 469-5714,!Axxes940
Avah,Blake, (256) 488-6154,!Axxes941
Sawyer,Lucero, (861) 979-9568,!Axxes942
Annika,Ward, (870) 784-4238,!Axxes943
Delaney,Novak, (420) 244-0485,!Axxes944
Bella,Hill, (853) 333-3676,!Axxes945
Brooklyn,Cummings, (379) 995-3877,!Axxes946
Myah,Fox, (834) 705-2780,!Axxes947
Maren,Mccarty, (987) 835-5096,!Axxes948
Araceli,Mendoza, (651) 731-0013,!Axxes949
Arjun,James, (460) 678-7499,!Axxes950
Serena,Guerrero, (763) 753-3695,!Axxes951
Taliyah,Liu, (700) 329-0914,!Axxes952
Rocco,Newton, (456) 472-1596,!Axxes953
Iyana,Jackson, (409) 812-8602,!Axxes954
Case,Brady, (336) 429-2634,!Axxes955
Anne,Rose, (813) 287-8763,!Axxes956
Salvatore,Roth, (472) 852-5298,!Axxes957
Kayden,King, (774) 360-7101,!Axxes958
Zariah,Shepard, (784) 915-6709,!Axxes959
Aaden,Zimmerman, (388) 281-8278,!Axxes960
Bruce,Lester, (669) 211-0413,!Axxes961
Mariela,Woodard, (933) 885-0938,!Axxes962
Juliet,Kerr, (551) 474-8462,!Axxes963
Cara,Sheppard, (867) 948-4974,!Axxes964
Camden,Eaton, (446) 519-6515,!Axxes965
Bradley,Miranda, (970) 646-3210,!Axxes966
Gaven,Dorsey, (708) 871-3566,!Axxes967
Maximillian,Walker, (907) 334-8408,!Axxes968
Ashlynn,Hendricks, (919) 653-3352,!Axxes969
Donte,Novak, (981) 840-3574,!Axxes970
Erika,Drake, (572) 953-6925,!Axxes971
Celeste,Ingram, (206) 892-6753,!Axxes972
Leandro,Best, (781) 916-1602,!Axxes973
Quinn,Callahan, (820) 212-9493,!Axxes974
Stephanie,Kaiser, (864) 838-4114,!Axxes975
Francis,Douglas, (272) 399-9899,!Axxes976
Harmony,Vasquez, (253) 539-3312,!Axxes977
Maverick,Glover, (951) 756-5016,!Axxes978
Kolten,Zhang, (636) 827-2783,!Axxes979
Mathew,Mcmillan, (823) 651-2177,!Axxes980
Lailah,Combs, (703) 491-9824,!Axxes981
Stephen,Aguilar, (727) 341-0622,!Axxes982
Marvin,Ellis, (543) 373-3991,!Axxes983
Aliza,Flynn, (344) 365-6428,!Axxes984
Lilianna,Stanton, (392) 326-1518,!Axxes985
Kenna,Dixon, (739) 914-9732,!Axxes986
Jaquan,Kane, (387) 743-4253,!Axxes987
Andrea,Walters, (912) 241-3007,!Axxes988
Memphis,Hunter, (677) 398-6902,!Axxes989
Pierre,Bautista, (685) 867-2181,!Axxes990
Anika,Howe, (452) 585-8984,!Axxes991
Carmen,Snyder, (411) 634-8834,!Axxes992
Cale,Mcintosh, (897) 828-4660,!Axxes993
Bronson,Salazar, (285) 486-8421,!Axxes994
Hamza,Bean, (370) 626-9331,!Axxes995
Claudia,Farrell, (234) 251-6825,!Axxes996
Jon,Douglas, (545) 695-3773,!Axxes997
Yusuf,Morales, (439) 552-4579,!Axxes998
Amani,Hooper, (417) 794-0280,!Axxes999
Ryder,Chang, (341) 899-8706,!Axxes1000
